3499524728;2587;60589637305078702184;4;356715:3926669,
1148834232;229;13796337654911448;4;19475:239797,
3623721192;992;3537445782515613696;4;990091:1369205,
3623721192;26694;68928010620851833633728;4;15615137:40232095,
3623721192;1098909;4808836003811332371150367368;4;759435865:1635014207,
700314552;397;43819222861788696;4;155591:342145,
143604279;109643;189282346336296843155253;4;9571378:57327701,
3080802816;6159;719771282018577944064;4;869735:8959129,
10833628897;61117;2473204565731284264649861;4;65191837:129983052,
958595904;606107;213443762673928086526951872;4;244414663:583673465,
87539319;4171141;6352837934650158299475353499;4;557565571:1835063792,
10499580728;13086;23528416797703082760768;4;13439425:27633407,
15170835645;5390;2375613578564943255000;4;7443563:12521437,
15170835645;8327;8759416910355192655035;4;2295532:20604323,
15170835645;33693;580267903901272719089265;4;24581432:82690513,
15170835645;48146;1693129348939062470967720;4;81775163:104655997,
15170835645;89115;10736480451506120354964375;4;124704031:206434094,
15170835645;362869;724868299151994474646201305;4;679611593:743484172,
38786216625;557834;6732748033168917990606129000;4;1008284141:1787118859,
21989186856;525896;3198223222749209231079100416;4;771303781:1399211675,
38947913424;16725;182214349632695000250000;4;4064213:56685787,
56065076613;82451;31425355684585699516524663;4;15057142:315556895,
119824488;3281;4232181389681260008;4;995627:1480525,
109568696139;849;67051664658088550811;4;431371:4060970,
109568696139;1829;670390127497885108671;4;4647494:8291383,
109568696139;5421;17455195424529181307079;4;14719447:24253136,
149498759592;219;1570254091925428728;4;206495:1160137,
239226670592;240093;3310915452474774568027129344;5;522275021:1468754227,831255320:1398728464,
191450482496;366574;9430645951301913946742511104;4;1397769111:1885179497,
247620672000;7295;96130850916626136000000;4;32387489:39612511,
257906381824;17966;1495602818102274998165504;4;77583423:100944833,
320465258659;42274;24210345330009689729349016;4;38670669:289059643,
320465258659;64407;85620974622376793507781237;4;345329396:354206701,
300634478586;282189;6755523797871956007544901634;4;139647277:1890142901,
472233009528;4295;37415008299466551789000;4;21977261:29925739,
439386172407;9417;366930739962515844124191;4;48992848:62939999,
474894161469;482;53178727983517746792;4;1588319:3663577,
474894161469;5575;82287040961238967546875;4;28896923:38743702,
474894161469;6386;123675470958870046989864;4;36482729:42193615,
605275992496;196;4557447375434361856;4;968061:1539715,
605275992496;9603;536011657520036645000592;4;17357101:80966531,
1103104702089;44663;98278927677255129995653983;4;301505255:413829802,
870434038656;485;99302705670285936000;4;702623:4625377,
1125524213576;10048;1141809682959110600916992;4;79685135:85989873,
1125524213576;41884;82698816655337171564731904;4;251777241:405625127,
1125524213576;48307;126877626219585216335654168;4;198688121:491915343,
1658465000647;115;2522317957859006125;4;160382:1360493,
2112174838440;185;13373499011437665000;4;1329401:2225599,
2560850045208;402;166365131503729040064;4;1925681:5420047,
3538534597696;80638;1855421947791175807105818112;4;819843295:1092614433,
3747878552061;13269;8755885861664608747358649;4;157181582:169532161,
3938530307257;43;313140729139082299;4;380638:636603,
5383741263992;9;3924747381450168;4;108629:138259,
5383741263992;15;18170126765973000;4;16123:262877,
5383741263992;2085;48798037675105642287000;5;2241097:36539903,25024613:32116387,
5613673271544;87339;3740001508858353463563884136;4;1114684547:1330441717,
5977625518592;148946;19752189246417166162416013312;4;1388121783:2575180105,
5902970576328;3;159380205560856;4;34499:49093,
6454209728512;4683;662850437054947359289344;4;5307293:87184483,
6999923002527;2284;83402978715251398502208;4;31907419:37064549,
6999923002527;8751;4691009521278139237773777;4;36881753:166801090,
6913330659144;222;75639082581566142912;4;109925:4229083,
7792439433597;60973;1766388085452144020106489249;4;839719624:1055010785,
8023655703609;16761;37780879445331074059063329;4;125883881:329537242,
8023655703609;43089;641906140745604951673214121;4;566610209:771942898,
11135426007608;61;2527530130632871448;4;40023:1362161,
11694065953752;5729;2198882412558510200704728;4;19503803:129890701,
16408268853184;2908;403502258570762340241408;4;42471375:68886577,
16159972203648;15315;58048581667069670472432000;4;13273489:387190511,
18034842343761;20616;158024915511127800452153856;4;263550437:518901787,
21254818396968;12025;36958356794168427632625000;4;81406573:331468427,
21105579621672;129;45307115612467444008;4;1864643:3386101,
24641518275703;14137;69620836516362205775230159;4;201119727:394691776,
23600608202808;7861;11464538682305429959813848;4;92564149:220161299,
25387427430729;14114;71378765788337157431493576;4;283989463:364619009,
28252199149993;37;1431058643544595429;4;658941:1046152,
33829433143749;1379;88713051723545637118311;4;28470383:40337974,
33829433143749;2321;422980301120304770321589;4;5816429:75053800,
33829433143749;13194;77700561980937429337844616;4;172108931:417173845,
34186819358601;111;46754953946222844231;4;2007575:3381436,
35074279768437;42;2598583239483960456;4;120425:1374511,
36592635038993;13663;93332282994014851200256271;4;35655740:453530991,
53511503644179;1622;228349310298034627710792;4;32271523:57963125,
53511503644179;31681;1701546410007487829492573139;4;179012779:1192501820,
59710346226657;22889;716028068108900227763753433;4;453179704:854055689,
63109878415857;2721;1271402229976637267431377;4;50562481:104529596,
62270204127768;851;38376818628703190076168;4;25525343:27912121,
68161135972419;29;1662381945231326991;4;363404:1173103,
68161135972419;54585;11085537711011723063207530875;4;347458484:2226913891,
86572628581131;26293;1573624209302345799935041167;4;251139431:1159228726,
110491366648383;3;2983266899506341;4;27197:143632,
110491366648383;11405;163913307663786206370712875;4;317158178:509177947,
142824079524672;7;48988659276962496;5;107839:362753,205292:342952,
142824079524672;4622;14102342472497209688249856;4;140642993:224536399,
157853898611864;315;4933861723275094701000;4;11338721:15148279,
185496306251347;11211;261377574619424293046346057;4;472638664:538086617,
211971089210517;6579;60360981169060669052982663;4;266295767:346153900,
221426717146488;433;17976026942876725777656;4;20167411:21380405,
234046762562375;21553;2343288843877606740163640375;4;201214823:1326695052,
257103717556959;29449;6566289289169155563861853191;4;286519358:1870339759,
263279186850871;406;17619542545762569895336;4;19391199:21777433,
265244512323889;12505;518677603658240685655173625;4;369229929:776581696,
299417839891625;8059;156718815372956773021050875;4;371458918:472463707,
351255019778299;148;1138695713077131471808;4;5314527:9961825,
351255019778299;217;3589233734915849789587;4;142056:15310891,
351255019778299;390;20836096518228918381000;4;9669637:27113363,
351255019778299;35647;15910780992634870501170615877;4;1927072053:2060987470,
447356517856192;991;435386273385012353492032;4;886107:75792229,
518175251330373;2;4145402010642984;4;102091:145517,
579506400402111;181;3436322862226814083251;4;330700:15090251,
609728287894479;7997;311829811592993549530313067;4;470636723:592104220,
625082223570408;18814;4162752280846334374519234752;4;1264110181:1289207771,
710103031199289;13932;1920267642421743490087273152;4;839146265:1099550503,
782243102336787;181;4638498995893641682167;4;1113575:16675648,
794670144965424;19;5450642524317843216;4;465631:1748945,
898099269704000;1627;3868004779525879260632000;4;23497233:156798767,
2691451;95;2307582801125;3;7148:12477,
2691451;2052;23255117964566208;3;148573:271331,
2691451;5768;516490374998431232;3;495851:733461,
2691451;6477;731321209263156183;3;539527:831200,
2691451;46944;278436877031863517184;3;1456955:6505669,
2691451;75961;1179664466325063206131;3;425715:10565986,
2691451;120081;4660251611869151370891;3;5196563:16533964,
2691451;617314;633147442199248632473944;3;63724039:72072705,
2691451;1080777;3397776116061858479105283;3;68376899:145465594,
2691451;9995181;2687561844075797898869179191;3;211456831:1388702750,
2691451;14741587;8622221929897605380852273353;3;1236539137:1888155090,
2622104;5;327763000;3;339:661,
2622104;25666;44332730708411374784;3;890619:3520325,
2622104;172913;13556040271170546993688;3;1908261:23839843,
2622104;177179;14584335677415641517256;3;14209861:22711635,
2622104;8692913;1722447178674162716765553688;3;833227743:1045853161,
327763;43;26059452841;3;417:2962,
327763;809077;173591914308518996754679;3;43561458:44967823,
327763;6786947;102466829665675379313014849;3;251678913:442296728,
439101;267558;8410430937838536984312;3;13487941:18127331,
439101;786817;213887611331192345658813;3;31900045:56610842,
443889;513;59927543835633;3;22616:36433,
443889;84741;270119002259549130669;3;2010941:6398722,
3242197;3;87539319;3;167:436,
3242197;7004033;1113996818373403704786229589;3;458354552:1005866061,
3242197;19331795;23423724041309564039681870375;3;1986017034:2498150591,
1092728;516;150127819365888;3;6793:53111,
134379;3112155;4050559921237324565198625;3;40778809:158511566,
134379;18361470;831866714391168728972217000;3;277006843:932404157,
402597;196;3031368604992;3;3449:14407,
402597;28739;9556205744693647143;3;765119:2088394,
402597;7418754;164385476831891554895591208;3;253601479:529047089,
110808;577;21286220456664;3;9613:27323,
4931101;13;10833628897;3;738:2185,
4931101;14127;13902526559636677683;3;1189964:2303179,
4931101;358317;226853841509749260245313;3;19512217:60315470,
4931101;6019753;1075672122510275744555935477;3;19098981:1024611046,
3375008;441;289461344503968;3;40399:60689,
3375008;57285;634450229609882868000;3;4465739:8170261,
5318677;3;143604279;3;359:460,
5318677;1295;11550822813222875;3;77106:223019,
5318677;2263;61639240459233619;3;14115:395014,
5318677;597356;1133713471785359133136832;3;75051143:89252025,
5318677;16121168;22283998889437133178933284864;3;1626119997:2619969731,
3587409;60194;782421012360372994056;3;351917:9214507,
6434883;666628;1906300265273358137217216;3;13335967:123941537,
10811017;222;118283855925816;3;3695:49081,
10702783;27;210662877789;3;613:5948,
10702783;155;39855826044125;3;9732:33893,
6017193;392959;365120032514931267548247;3;42449080:66086663,
6017193;517237;832650397945687459094229;3;67632293:80583838,
6017193;1751321;32321477665618587798425073;3;23635778:318496441,
6017193;12241465;11038094992365529017044012625;3;607156913:2211392212,
10202696;5268612;1492119467864845930930917888;3;247073111:1138842793,
10202696;10804222;12867537554593339104312233408;3;1387312385:2168523327,
15187041;26;266927432616;3;985:6431,
16776487;6;3623721192;3;761:1471,
16776487;1419733;48008822688989309037054619;3;151499758:354450843,
16776487;4363061;1393397026343055176067098747;3;136538426:1116246891,
25371171;68067;8001111856540283779473;3;7043825:19705372,
25371171;1147219;38307120310379351328351489;3;66242776:336246017,
25371171;1238800;48232980836044869312000000;3;271733327:304266673,
14978061;2;119824488;3;11:493,
14978061;7445;6180871308020663625;3;239537:1833838,
10424232;368499;521618528131807572051768;3;13445459:80372629,
27882127;33;1001999997999;3;1999:9980,
26122131;237;347739192344943;3;8534:70279,
26122131;874;17439856253346744;3;32857:259151,
26122131;4254;2010949015027665384;3;778319:1154665,
26122131;242091;370633385097029517165801;3;45766510:65011601,
26122131;245577;386875895890305750895323;3;34773131:70124218,
26122131;1091072;33928826205103911220543488;3;80591683:322061501,
26122131;1559019;98983504790602131412703529;3;67575841:462099602,
26122131;2168357;266318270672502283634929383;3;36263735:643340752,
26122131;2568143;442452049108446068027901117;3;380564840:728946373,
26122131;2689947;508440073265439506566033113;3;553014281:697483888,
26122131;3399412;1026171650624893013537247168;3;358507243:993320021,
26122131;7245735;9937014930835367340405439125;3;1520113237:1858994138,
26122131;7956890;13159478100225006190295739000;3;796070183:2330346817,
33108264;4233605;2512276383444322915189413000;3;20085731:1359425269,
51278929;21;474894161469;3;2621:7702,
51278929;1748;273881836236277568;3;131059:647629,
51278929;2718;1029644498177121528;3;374287:992345,
51278929;6585;14642198289720509625;3;1815322:2053553,
51278929;13497;126081303364867839417;3;2183182:4872449,
51278929;63464;13107542358647921240576;3;17803165:19543651,
51278929;112326;72674127586356295183704;3;29889203:35823253,
51278929;206335;450461473369798526803375;3;18193376:76313999,
51278929;281645;1145631860551042697685125;3;28141444:103953181,
51278929;968789;46625826478052446114383101;3;104611804:356952133,
51278929;985663;49104840952878717216036463;3;285279116:295822223,
51278929;1156314;79280484880279819211188776;3;72793283:428893429,
51278929;2138627;501584471089534768209607307;3;626035027:635149624,
60271939;105;69772303384875;3;7283:41092,
60271939;732;23640050856082752;3;7337:286999,
60271939;1584802;239905494779511895356661912;3;410315869:554860587,
65272753;25;1019886765625;3;6624:9001,
65272753;8479;39789257602910145967;3;1775182:3245799,
65272753;376407;3481007863414948550726679;3;97851343:136514138,
65272753;433054;5301003530877184987430392;3;27085857:174144199,
65272753;5926318;13585849050481385157013466296;3;645051807:2370320137,
66469429;168;315173571568128;3;20087:67465,
66469429;10675;80858484845315734375;3;3337911:3521464,
66469429;46434;6654726927080255538216;3;7340383:18429209,
69583995;63;17399269197765;3;7069:25736,
69583995;3307;2516586971194834785;3;439468:1344737,
69583995;17841;395154506136206692395;3;1001722:7331963,
69583995;147963;225407697982433266721265;3;47913116:48687889,
70957971;3;1915865217;3;484:1217,
70957971;1019291;75144250531972003479502041;3;147250697:415923232,
70957971;2114293;670651197537095124311365047;3;628948111:749987906,
128966383;39;7650156873177;3;11617:18254,
128966383;513;17411196426483951;3;166151:234070,
145908847;70;50046734521000;3;6207:36793,
145908847;468;14956128394893504;3;49787:245701,
145908847;2949857;3745281930329958433709790671;3;963730095:1417831916,
117132750;3117700;3549615470537642430750000000;3;802519057:1447480943,
180314414;6;38947913424;3;1115:3349,
180314414;310;5371746707474000;3;138219:139781,
180314414;314487;5608394280773611986653442;3;121849661:156038821,
180314414;719299;67105607816361146839076186;3;190525053:391898669,
188239688;18;1097813860416;3;5939:9613,
188239688;6740;57635608668968512000;3;2224861:3599139,
228613112;453;21251801049484824;3;210649:228335,
228613112;1648;1023228805269192704;3;427709:981315,
228613112;1507151;782656927499945031911525512;3;600249147:827379229,
300694303;15;1014843272625;3;5009:9616,
300694303;106270;360875369618576452549000;3;12434169:71068831,
300694303;223535;3358627173313201174828625;3;115036274:122456601,
300694303;4105623;20809536300472312109978826201;3;1703039825:2513006026,
310289733;5;38786216625;3;1618:3257,
310289733;754;133009127096055912;3;75427:509909,
310289733;45612;29444538559143408652224;3;20488075:27520949,
310289733;118389;514874593782916261078977;3;63380377:63847214,
310289733;323304;10485777527907675932570112;3;67766515:216689933,
387352719;3;10458523413;3;1058:2101,
429396751;74;174001869027224;3;4671:55817,
429396751;48074;47707815544200977571224;3;17739965:34794699,
432597529;60;93441066264000;3;35227:36773,
432597529;189;2920582287014301;3;65101:138290,
432597529;59398;90656615304340459250968;3;394755:44922757,
432597529;190171;2975205067255965551808619;3;57214764:140742835,
437440591;595;92144618611121125;3;170736:443389,
437440591;2006909;3535917482257399241290890539;3;554668403:1498557108,
553514689;7;189855538327;3;1359:5722,
553514689;1566037;2125862674149919779917759917;3;701424370:1212091773,
483634125;76;212303773656000;3;12529:59471,
689406579;11;917600156649;3;2305:9674,
692612137;7;237565962991;3;2503:6054,
692612137;13;1521668864989;3;61:11502,
692612137;557997;120333261987142395943514301;3;115171858:491600429,
693088669;2;5544709352;3;207:1769,
693088669;2967;18102620113438371147;3;793238:2601355,
693088669;10145;723677304746915280125;3;6717381:7492244,
693088669;42325;52550844446943119265625;3;1747948:37455177,
693088669;72357;262561143736798724107017;3;19010948:63470425,
729418816;61;165564212274496;3;30165:51691,
729418816;4327;59093218954885140928;3;1700487:3783865,
806672113;66;231915005799048;3;41485:54347,
806672113;8289;459413192643128865297;3;1811006:7682761,
806672113;1640967;3564483311779546834470886119;3;656232335:1486076014,
789006673;22793;9342974161102293217961;3;12768753:19364294,
789229224;134;1898967592783296;3;52835:120541,
950859559;10;950859559000;3;3291:9709,
950859559;116766;1513789839408553175054664;3;9165263:114801673,
973288927;11;1295447561837;3;8570:8733,
973288927;155;3624406303032125;3;49221:151904,
885156363;11;1178143119153;3;1426:10553,
885156363;9783;828774072803248134381;3;3819605:9177736,
885156363;62103;212010678491681247533901;3;30786229:56756708,
885156363;72761;340969845892433663126403;3;36610771:66335198,
885156363;101555;927094334611826692481625;3;55512428:91098697,
885156363;285680;20637615042485022306816000;3;167803393:251524607,
1055306341;15;3561658900875;3;6508:14867,
1055306341;7653;473013665350058182257;3;950746:7786841,
1055306341;45974;102545220235476506958584;3;631577:46806351,
929783582;18;5422497850224;3;11443:15773,
1051871977;13;2310962733469;3;6810:12589,
1013396293;18;5910127180776;3;7663:17609,
1013396293;541;160461595673459353;3;126010:541137,
1013396293;25201;16219319702208837307093;3;7357653:25104106,
1013396293;110677;1373888370408715632876769;3;53316814:106920825,
1090952317;327;38146001979569211;3;187010:316171,
1090952317;6820;346065967945754056000;3;4147057:6500943,
1309449176;57;242500821250968;3;37757:57355,
1309449176;104833;1508629824565265393559512;3;7594241:114679431,
1309449176;153349;4722059895883647171989624;3;19381911:167682257,
1309449176;1017027;1377482514907051285698635208;3;379725043:1097716901,
1312447591;2;10499580728;3;219:2189,
1312447591;7169;483568175278634838119;3;728303:7846998,
1312447591;88319;904158145713328373436569;3;44701065:93402164,
1450291717;27;28546091865711;3;17359:28568,
1450291717;59705;308665062323806128282125;3;33700749:64664126,
1450291717;630491;363489643360359546901733807;3;220105068:706621775,
1450291717;986309;1391535706624116162458306993;3;636845457:1042577720,
1450291717;1077436;1813968803246025448632578752;3;75113679:1219484017,
1173928896;44808;105610833896269343588352;3;8564015:47174353,
1575734797;82849;896076190732519348787053;3;25392748:95817621,
1484204904;2894;35974058997676153536;3;1313807:3230257,
1906659937;4;122026235968;3;873:4951,
1906659937;1117;2657252109861457381;3;1021714:1167333,
1906659937;130845;4271148150781394887129125;3;67924172:158179453,
1906659937;878361;1292088837682847093580187497;3;48131129:1089143152,
2076484319;3;56065076613;3;992:3805,
2262895453;18;13197206281896;3;1643:23629,
2262895453;19927;17905656640204541780299;3;7850835:25923724,
2303336161;3;62190076347;3;1588:3875,
2303336161;9295;1849717937574058927375;3;5175994:11960631,
2813506813;13;6181274468161;3;12240:16321,
2813506813;97159;2580459693408751042396027;3;99777819:116645782,
2887034059;11;3842642332529;3;1646:15657,
3150734743;6;680558704488;3;2117:8755,
2748648357;15;9276688204875;3;10196:20179,
2776618656;42;205714122985728;3;3179:59029,
2776618656;10046;2815112523470036380416;3;370031:14119825,
3233357757;7;1109041710651;3;7355:8926,
3233357757;18776;21402425295850549612032;3;17411243:25263445,
3271905819;13675;8367251039122695890625;3;6501377:20076748,
3737916728;4;239226670592;3;449:6207,
3737916728;195;27716185298529000;3;86767:300233,
3737916728;254;61253480648406592;3;184755:380173,
3737916728;3922;225503034350986718144;3;4195211:5332917,
3737916728;163058;16205258217084238669721536;3;78050457:250557607,
4066022744;489;475440726613763736;3;347437:756827,
4058099857;3;109568696139;3;1363:4748,
4058099857;14;11135426007608;3;14295:20177,
4058099857;12517;7958358266033238584941;3;12196552:18315477,
4058099857;22718;47580939719689384776824;3;21678899:33439605,
4058099857;25058;63850153275451650398984;3;12785855:39527769,
4058099857;36437;196313681398604552220221;3;18567530:57480141,
4058099857;106850;4950468585680724315125000;3;62840643:167534357,
4058099857;126176;8151790233347224325292032;3;148761521:169382991,
4058099857;155173;15162513448176842563431469;3;48011421:246905002,
4058099857;258172;69831303187655444852863936;3;29199783:411748249,
4058099857;321392;134718710164728988115234816;3;98374359:511425833,
4058099857;583591;806581926848399184212247847;3;705696567:769215844,
4058099857;1723745;20784605592651896923773736625;3;1129635608:2684368017,
3794907753;9;2766487751937;3;6025:13658,
4409958007;3;119068866189;3;821:4912,
4409958007;399529;281241482652386745281652223;3;386901271:606707358,
4029787216;4;257906381824;3;807:6361,
4029787216;6;870434038656;3;6661:8315,
4029787216;31539;126422936053101438017904;3;28475359:46926065,
4029787216;1318573;9238355080720026239137558672;3;545579563:2085919365,
4533183711;482;507626673532643448;3;199873:793511,
5213920283;24;72077233992192;3;9223:41465,
5213920283;844;3134669272192158272;3;801863:1378425,
5213920283;14727;16653566182293619138989;3;19534496:20953237,
5213920283;289124;126013425631058390652390592;3;268975011:474085021,
5213920283;449143;472409141858503354735239581;3;379333044:747592613,
5954844987;3;160780814649;3;3382:4961,
5954844987;79295;2968984094645772369109125;3;42856741:142444634,
5954844987;667901;1774217022765982692772306887;3;26174962:1210600319,
6158658961;8;3153233388032;3;8297:13719,
6158658961;215633;61749270420424371806678657;3;11212868:395251905,
6158658961;303599;172340427413736691155339839;3;334713900:512791679,
6634080271;2;53072642168;3;2543:3321,
6634080271;309;195729443071803459;3;369331:525782,
6634080271;341867;265064926075880092413169373;3;215045949:634232174,
7155589896;17310;37113904489213797336000;3;23771107:28716893,
8161379947;7;2799353321821;3;10044:12133,
7606341288;1197457;13060373261326147197805074984;3;180833563:2354613533,
8584863651;964;7690675791168586944;3;188417:1973311,
9012939039;3;243349354053;3;1309:6224,
9012939039;17318;46812263349084172423848;3;23281625:32457247,
11029875003;37596;586132109520473726054208;3;50384801:77094943,
12535708204;12;21661703776512;3;19597:24179,
11837648375;3;319616506125;3;1046:6829,
11302198488;4036;743047201325522032128;3;2041049:9022759,
12598650883;4;806313656512;3;5133:8755,
12598650883;37;638159463176599;3;29074:84975,
13215731923;5;1651966490375;3;1818:11807,
12357257913;6;2669167709208;3;8821:12563,
12621756609;19;86572628581131;3;2195:44236,
12621756609;3753;667199165542205027193;3;5925886:7714433,
12621756609;5431;2021897846038382292519;3;7840439:11547820,
12621756609;101437;13173737050552337974283877;3;56118752:235115389,
12621756609;231775;157151876251804832940609375;3;411627092:443794783,
12621756609;819686;6951241128225405299980457304;3;274542409:1906583615,
13661734723;87;8996293300299669;3;11533:207968,
13661734723;114857;20700376945639182082175339;3;17924923:274548538,
15349998673;14;42120396358712;3;19527:32609,
15401124928;12;26613143875584;3;7145:29719,
15720419169;4;1006106826816;3;6589:8963,
15463769048;199;121863762895899752;3;299465:456303,
16850937493;30;454975312311000;3;46031:70969,
16850937493;17275;86871683081261514109375;3;19688967:42951658,
16850937493;119682;28887541459430381800122024;3;145810799:295440265,
16351431616;7;5608541044288;3;8767:17025,
16273561941;3;439386172407;3;743:7600,
18113455178;18;105637670598096;3;3277:47267,
17880775696;4472;1599159343450282385408;3;7378983:10618841,
17880775696;1027701;19408264069623940396348633296;3;964982075:2645247541,
18331298648;9;13363516714392;3;15839:21097,
18500044437;3;499501199799;3;1063:7928,
19013302819;3;513359176113;3;4492:7505,
19013302819;212891;183454965452232986899034249;3;334532249:526584000,
19450486657;13;42732719185429;3;6534:34885,
19450486657;19;133410887980363;3;28492:47955,
19313874496;200884;156568880882562275306819584;3;258564465:518360719,
20693126727;13201;47604346822715984955927;3;24469126:32060351,
20693126727;112285;29294854641198098077363875;3;137850203:298792672,
22231705041;2;177853640328;3;937:5615,
22231705041;3351;836557997286120609591;3;3390631:9273800,
22231705041;347261;930980975757805109648968821;3;759323002:790073717,
23640789627;94311;19831201518817504163457837;3;191069741:234260206,
26336558521;3;711087080067;3;2606:8851,
25936994440;4;1659967644160;3;6931:10989,
23931310312;899;17387836723996372088;3;747093:2569811,
26912662803;102022;28578417010696561001038344;3;137582723:296151253,
28284380936;8892;19885890322404950957568;3;19448279:23226409,
27904856616;3;753431128632;3;5065:8543,
28691574219;3134;883184327508923908776;3;7061863:8097809,
28791880299;644314;7701276783343849739609632056;3;751508711:1937824705,
31742698897;3;857052870219;3;6520:8339,
31742698897;1214;56793666873614056568;3;125705:3843807,
32006160459;6;6913330659144;3;9689:18175,
32282653032;2509;509883786569921000328;3;2019905:7945687,
32373948152;17427;171341892888398717173416;3;14052847:55240457,
32373948152;18888;218149182108377043922944;3;37684403:54807373,
33997109419;4;2175815002816;3;8353:11679,
33997109419;19;233186173504921;3;26916:59785,
32913933416;604;7252547837987239424;3;1212027:1762181,
32913933416;142755;95753304653261275429227000;3;32892539:457436461,
32913933416;331338;1197273928722058170827468352;4;209348891:1059133861,315893592:1052451204,
32913933416;887872;23037262291884025163722784768;3;496205925:2840362907,
35184131353;16;144114202021888;3;28303:49521,
34540732863;4;2210606903232;3;7727:12049,
34540732863;19459;254503114909261766224677;3;39703936:57681341,
36166300443;24;499962937324032;3;55169:69247,
36166300443;428945;2854361108076387509045320875;3;613893394:1379112731,
38241119007;6;8260081705512;3;5171:20101,
39992584625;57181;7477126203044908957707125;3;122891949:177804176,
40855729707;3;1103104702089;3;929:10330,
40855729707;970;37287921398876811000;3;1500199:3236801,
42764107633;3;1154630906091;3;7768:8819,
42764107633;110366;57489075145252421392370168;3;118365853:382200331,
45014157097;2;360113256776;3;4801:6295,
45014157097;3473;1885660363006221596249;3;3206638:12281953,
45283311008;6;9781195177728;3;9137:20815,
45283311008;227701;534604964816578237401835808;3;607940589:676728179,
47447568721;27;933910495135443;3;27656:97003,
48276650123;15;162933694165125;3;5021:54604,
48276650123;627874;11949634602332732366614785752;3;956206637:2229046299,
47169794581;12;81509405035968;3;21181:41603,
47169794581;1400;129433916330264000000;3;3755569:4244431,
55289603089;4;3538534597696;3;1341:15235,
55769543557;21;516481742881377;3;31670:78553,
59029126191;648701;16113877458874458564300801291;3;158680342:2525597387,
60317927488;6219;14508017851397046604992;3;10087685:23800123,
60317927488;10978;79802425273281378443776;3;26863957:39238827,
64046781169;9;46690103472201;3;18401:34330,
64046781169;138;168319552280376168;3;428251:447773,
66282675823;24;916291710577152;3;50503:92345,
66282675823;543;10612055711268499761;3;1595753:1870894,
68012963389;4;4352829656896;3;5883:16069,
61532302104;8137;33150960167737787450712;3;10947233:31694695,
70572791683;8;36133269341696;3;4341:33035,
70572791683;18794;468484217678751574799672;3;20727951:77170841,
71944659703;7;24677018278129;3;20185:25434,
71944659703;15577;271925554269415748985199;3;24456399:63603160,
73403983051;9;53511503644179;3;16043:36688,
73403983051;15690;283523105407072500459000;3;44175389:58217611,
73403983051;41865;5386081403346346944745875;3;58122419:173133706,
73403983051;579801;14307261217784696950385012451;3;631055899:2413348928,
73755293248;14;202384524672512;3;42831:49841,
75659499062;2;605275992496;3;5443:7629,
75659499062;268109;1458134682361051259106850798;3;200077021:1131883833,
79288383447;3;2140786353069;3;5522:12541,
82367927551;7;28252199149993;3;11628:29881,
82367927551;559;14387772514306793329;3;517422:2424361,
82367927551;14071;229473758022087418527961;3;39307785:55259296,
82367927551;46357;8205482190427859222783443;3;29183682:201494035,
82367927551;144750;249812321963628968578125000;3;430195399:554179601,
84844455787;2;678755646296;3;6273:7559,
84844455787;2537;1385430900950118251411;3;5557946:10666995,
84844455787;115719;131473275891312528542192733;3;2529701:508486168,
93329709031;17;458528860469303;3;16487:76860,
93329709031;48027;10338946543991097245113173;3;52443109:216832814,
92147583808;4;5897445363712;3;14101:14571,
92014376328;2;736115010624;3;1945:8999,
93400398728;4;5977625518592;3;3929:18087,
95523029056;139;256538461770345664;3;77751:635017,
105032816343;8;53776801967616;3;29507:30397,
110025826183;9;80208827287407;3;17959:42062,
110025826183;10533;128573329646352858328971;3;275347:50471972,
110025826183;30749;3198803980821472278868067;3;86228712:136756379,
112262408713;20;898099269704000;3;69353:82647,
112262408713;119112;189714666614375456622641664;3;171842903:569432233,
112262408713;147191;357995958503090798600733023;3;123295772:708814815,
109044334728;2;872354677824;3;1399:9545,
109044334728;15429;400512840655792906098792;3;25830121:72639311,
108329995566;19;743035439587194;3;39451:88007,
120600933327;5;15075116665875;3;12907:23468,
120600933327;9509;103694378030693858024883;3;3952523:46971256,
120846867128;5;15105858391000;3;13809:23191,
125812160901;23107;1552220142254892668524743;3;49170479:112749934,
130439724597;11;173615273438607;3;31718:52135,
136284861125;127;279163592685810875;3;475948:555427,
139876287733;7;47977566692419;3;27864:29755,
139876287733;250276;2192813588071218153796326208;3;628079227:1248274245,
138810316743;1199;239265066341904198057;3;3981568:5605625,
140690526697;2;1125524213576;3;695:10401,
140690526697;41109;9774073326160908444900213;3;108359674:204096629,
140690526697;499497;17533293711977987728961619681;3;1788584537:2277380662,
139104303975;19;954116420964525;3;65357:87718,
139104303975;266692;2638581617170985143480804800;3;813718267:1280536133,
145697644729;5;18212205591125;3;8628:25997,
155634094243;11;207148979437433;3;34025:55152,
155634094243;140;427059954602792000;3;275427:740573,
158992176187;7;54534316432141;3;9981:37690,
158992176187;82288;88590116881112456002392064;3;231357723:423965413,
172486279693;3;4657129551711;3;10775:15046,
172486279693;272921;3506431965474515544584089973;3;510942309:1499710214,
160971475392;5027;20449165053153761660736;3;1020869:27345403,
175240003608;11;233244444802248;3;41135:54697,
174917406853;11;232815068521343;3;45119:52044,
174917406853;327;6116124090944710899;3;135251:1828522,
176063680576;225562;2020540624032590361996732928;3;497759865:1237956487,
213287917213;60236;46615959436002157099118528;3;188267787:341832245,
228806768827;4;14643633204928;3;11905:23487,
228806768827;37;11589749261394031;3;45519:225688,
238720097889;3;6445442643003;3;587:18610,
250268339377;9;182445619405833;3;16934:56209,
250268339377;361;11774094512397956137;3;1789602:1821409,
249160150603;54864;41147266368862522864300032;3;4126243:345233885,
256379200831;4;16408268853184;3;13683:24013,
256379200831;303922;7197293362108903625116495288;3;1038704101:1824823683,
258175772127;13;567212171363019;3;54814:73835,
258870798368;15608;984293987499186284118016;3;2976339:99472813,
259256407501;3;6999923002527;3;7327:18764,
259256407501;31;7723507635862291;3;135906:173395,
259256407501;413;18263316848638722497;3;1411512:2490689,
259256407501;434;21193304952806126504;4;1794825:2488559,1902684:2427530,
259256407501;1591;1044095052130942200571;3;1155747:10139872,
259256407501;2435;3743056609683059225375;3;6796358:15079767,
267214521457;6;57718336634712;3;10037:38419,
257160712536;4;16458285602304;3;3775:25409,
257160712536;65201;71279950649048390733074136;3;323024333:334936699,
257160712536;205986;2247593321943381051833409216;3;502264255:1284810881,
264021854805;2;2112174838440;3;2689:12791,
264021854805;49149;31346130380660360708679945;3;243620938:256556897,
264021854805;335265;9949575011003417478631123125;3;165155437:2150482688,
278647086185;6;60187770615960;3;18839:37681,
278647086185;51065;37104323239370179257180625;3;43802568:333283057,
282558696336;14;775341062745984;3;12269:91795,
297172433467;3;8023655703609;3;10025:19144,
297172433467;59158;61524624211781083014365704;3;303746767:322366281,
308921321233;5;38615165154125;3;7709:33666,
301881242817;10;301881242817000;3;35369:63631,
301881242817;105033;349794873112214146027709529;3;204754870:698780609,
320106255651;2;2560850045208;3;4835:13477,
320916797964;14;880595693613216;3;9881:95815,
320916797964;19729;2464379960997562084152396;3;99619241:113851435,
333587715363;4;21349613783232;3;16343:25705,
340617661839;51585;46756012713318873634863375;3;232106351:324758524,
350195980771;13;769380569753887;3;42591:88456,
350195980771;3568;15906905259584373379072;3;2015437:25145139,
350195980771;84621;212200116066328265145392031;3;75509047:596057102,
354374306936;3;9568106287272;3;14917:18419,
368841525264;2;2950732202112;3;8705:13183,
361706938992;1226;666543121333648094592;3;6215035:7527173,
383997263624;7;131711061423032;3;1257:50879,
413381724112;235674;5411109110458207653174722688;3;678920831:1721094913,
374964453864;63266;94951368874793437753690944;3;125272313:453041863,
431773069429;7;148098162814147;3;36259:46482,
431773069429;67;129861363680674327;3;229959:490072,
439895140048;2;3519161120384;3;4227:15101,
462266311663;7;158557344900409;3;8017:54066,
462266311663;4498;42067877252106519808696;3;6726841:34694895,
477845583488;387;27696218159851323264;3;1991425:2705279,
476285890752;12252;875968886568629059670016;3;12886889:95603863,
510657883281;2;4085263066248;3;1321:15983,
510657883281;279;11090283561600893559;3;922919:2176060,
510657883281;37759;27491060450749771775407599;3;232542074:246160855,
519062033763;73;201923955188380971;3;122410:584891,
519062033763;26032;9156760830692957088681984;3;86786269:204107555,
633680567793;4;40555556338752;3;20827:31589,
625143623013;3;16878877821351;3;16442:23167,
641101507039;10;641101507039000;3;54981:78019,
627085696536;11;834651062089416;3;1679:94153,
627085696536;298565;16689509779807601360330499000;3;893826527:2518550473,
646412121829;3;17453127289383;3;17252:23095,
646412121829;3067;18648796930754672084527;3;18410878:23151015,
644748627978;95237;556938891615279383710788834;3;497378627:757056151,
667957123843;3;18034842343761;3;18521:22690,
667957123843;97417;617522575820579931155330059;3;366244952:828356051,
666294654529;5;83286831816125;3;32709:36416,
672967657999;2;5383741263992;3;5195:17373,
672967657999;3393;26287287319744419966543;3;12509143:28976546,
672967657999;3891;39644038157588294641029;3;21715510:30865109,
672967657999;5695;124301216309235831672625;3;17799384:49140241,
672967657999;68807;219226001037229703691140057;3;415937801:528082536,
672967657999;89531;482963709941395797666169709;3;498707925:710673344,
672967657999;141355;1900761898837541920036436125;3;526217509:1206229116,
692387713647;5;86548464205875;3;3398:44227,
702909667369;672;213308094201997197312;3;3669881:5472391,
766191808837;5;95773976104625;4;27866:42009,30918:40457,
770086598463;2;6160692787704;3;9383:17473,
934498122103;10;934498122103000;3;11283:97717,
940275090027;3;25387427430729;3;3266:29377,
1012815983296;6;218768252391936;3;29843:57709,
1009101634840;6;217965953125440;3;32411:56869,
1018197530623;3;27491333326821;3;22013:25624,
1018197530623;32;33364296683454464;3;108179:317805,
1059841265427;3;28615714166529;3;11521:30032,
1059841265427;74318;435033664953410083039159464;3;561304621:636763787,
1129636766951;7;387465411064193;3;57153:58556,
1194312559895;2;9554500479160;3;901:21219,
1194312559895;31901;38773132637493685852361395;3;80319454:336947811,
1252941968287;3;33829433143749;3;10181:32002,
1266178494763;3;34186819358601;3;6353:32374,
1261750095459;7;432780282742437;3;58496:61501,
1299047398831;3;35074279768437;3;17461:30986,
1320364134089;7;452884897992527;3;46790:70503,
1385276826843;8;709261735343616;3;61931:77845,
1385276826843;8949;992796171130844046810207;3;47982154:95912807,
1461758244219;2;11694065953752;3;8053:22355,
1602081583011;7;549513982972773;3;11813:81826,
1632829799699;3;44086404591873;3;4322:35305,
1632829799699;2356;21353387247902139061184;3;14165135:26453169,
1640872717659;13;3604997360696823;3;35047:152720,
1588616687476;2;12708933499808;3;4595:23277,
1702837443069;3;45976610962863;3;11471:35428,
1698906024963;7;582724766562309;3;5917:83516,
1698906024963;13324;4018585645320793194779712;3;103193099:142926517,
1799834318863;3;48595526609301;3;11533:36104,
1825960584331;5;228245073041375;3;29028:58847,
1872374100499;5;234046762562375;3;38463:56162,
1872374100499;8229;1043359109311107242801511;3;3234682:101423807,
1872374100499;30589;53590580770387631938908031;3;20293608:376999039,
1872374100499;50139;236004144011628028084873881;3;365687486:571951585,
1838854252053;21;17029629228262833;3;173464:227729,
2045754961865;2;16366039694920;3;12397:24363,
2045754961865;81711;1116079650787847487430783815;3;760435388:877789207,
2062632715039;7;707483021258377;3;61006:78321,
2130087237571;4;136325583204544;3;8581:51387,
2211494304691;3;59710346226657;3;7286:39001,
2306303856584;13;5066949572915048;3;77097:166415,
2337402904291;3;63109878415857;3;22546:37241,
2320813944631;2;18566511557048;3;8909:26139,
2350115765101;4;150407408966464;3;2565:53179,
2422869843303;5;302858730412875;3;43411:60464,
2524486517497;3;68161135972419;3;27614:36115,
2524486517497;7705;1154758013583318527154625;3;6117562:104906313,
2524486517497;61829;596691323635086179914330133;3;99317877:841418450,
2588994894843;7;888025248931149;3;68546:82717,
2684093586139;5;335511698267375;3;50487:59138,
2684093586139;9;1956704224295331;3;98395:100136,
2711141324901;3;73200815772327;3;29903:35950,
2755206417691;5;344400802211375;3;41943:64682,
2755206417691;1591;11095954834981253844061;3;11996973:21081514,
2755206417691;20687;24391959188913727691598773;3;140575013:278555526,
2949748870887;3;79643219513949;3;1445:43024,
2949748870887;7061;1038445426702953172869147;3;74447363:85536520,
2950076025351;66929;884455967852588619256189239;3;80138710:959712479,
3072342608677;5;384042826084625;3;4694:72681,
3097489240629;73373;1223541306906226828060987593;3;36256718:1069548721,
3112873726339;6;672380724889224;3;8831:87577,
3255978139063;2;26047825112504;3;5467:29581,
3968882331687;4;254008469227968;3;41257:56855,
3968882331687;15469;14691121199976802950088083;3;128165227:232609460,
4092272838829;3;110491366648383;3;32951:42118,
4092272838829;8723;2716202837630751768842543;3;60245511:135676358,
4092272838829;155071;15260063601817504401143011219;3;31306963:2480381538,
4042251316467;5;505281414558375;3;50338:72287,
4361088568681;5;545136071085125;3;6197:81678,
4361088568681;143;12752725720156960967;3;1472832:2122199,
4361088568681;379;237417395652590950459;3;345187:6191736,
4171732322121;63511;1068718400746609798920103551;3;721116850:885245351,
4600243959337;3;124206586902099;3;3907:49886,
5449224997027;4;348750399809728;3;12759:70249,
5496183807877;3;148396962812679;3;26711:50572,
5559349458033;2;44474795664264;3;23183:31753,
5712875275653;3;154247632442631;3;35159:48028,
5712875275653;26;100409495844877128;3;244381:441083,
6016949450577;254;98600135731370135928;3;969931:4605533,
7023589475392;4;449509726425088;3;1221:76603,
7017479315856;3;189471941528112;3;16931:56941,
6958992344031;2;55671938752248;3;17365:36947,
6958992344031;349;295816667046866621019;3;1229986:6649067,
7419536609751;3;200327488463277;3;16532:58069,
7730672928697;3;208728169074819;3;45196:48827,
7746339027007;3;209151153729189;3;39898:52613,
7783775515971;15;26270242366402125;3;101614:293261,
7783775515971;144817;23640079996255077096954699123;3;404543206:2867325443,
8141155379539;2;65129243036312;3;24169:37087,
8416859247468;2;67334873979744;3;15695:39889,
8765328598299;4;560981030291136;3;48563:76429,
8876972815893;4;568126260217152;3;4157:82819,
9642191812344;3;260339178933288;3;8119:63809,
10508290047808;3;283723831290816;3;26129:64303,
10297357966467;3;278028665094609;3;28337:63436,
11777403795787;2;94219230366296;3;16043:44829,
11836572345234;2;94692578761872;3;16663:44825,
11836572345234;71291;4288743537937514649644665014;3;1122582871:1421780687,
12466188557667;2;99729508461336;3;10925:46171,
13896703537327;4;889389026388928;3;64513:85311,
13896703537327;991;13524859310081862749617;3;207684:23825617,
14514774624343;4;928945575957952;3;58153:90135,
14514774624343;15;48987364357157625;3;54121:365504,
14514774624343;31;432409650833802313;3;445593:700636,
15651556269713;3;422592019282251;3;47672:67987,
15651556269713;496;1909864500555857850368;3;98069:12407019,
16313505354783;3;440464644579141;3;42634:71333,
17853009940584;727;6859850947874791520472;3;9034391:18294001,
19000579014387;3;513015633388449;3;10649:79990,
19191675975199;3;518175251330373;3;44773:75386,
19731737326483;2;157853898611864;3;38585:46479,
21463200014893;3;579506400402111;3;15082:83207,
22582529181277;3;609728287894479;3;26876:83887,
21918915765621;10477;25207507170384402077972793;3;208474982:252752545,
23242818270763;3;627556093310601;3;48002:80257,
25251136100857;3;681780674723139;3;26948:87163,
25251136100857;7;8661139682593951;3;87624:199903,
26518285123064;45794;2546661221217331570063907776;3;790737301:1270796715,
27586254864896;2;220690038919168;3;17923:59901,
28219583662543;37445;1481603880714748512465345875;3;227079459:1137004166,
28778483248424;3;777019047707448;3;60335:82297,
29973979198583;3;809297438361741;3;6170:93181,
30047108927255;3;811271941035885;3;12973:93182,
30080908462059;3;812184528475593;3;40849:90614,
30080908462059;1153;46108274494595914280043;3;7663988:35741491,
30550479452857;2;244403835622856;3;48837:50387,
31364918687375;2;250919349499000;3;10011:62989,
33260056579295;3;898021527640965;3;69554:82501,
32716689385016;7219;12308368106769369138666344;3;28466821:230743027,
33483880761877;3;904064780570679;3;5543:96688,
35017517027773;2;280140136222184;3;48875:54669,
39384854179216;2;315078833433728;3;32083:65581,
40008663533384;2;320069308267072;3;5013:68395,
42672420403461;2;341379363227688;3;2039:69889,
49539583469467;2;396316667755736;3;53721:62255,
54517599497088;2;436140795976704;3;55747:64061,
59047047540693;2;472376380325544;3;60523:63053,
76608956417383;2;612871651339064;3;35801:82767,
78135277946301;2;625082223570408;3;46327:80705,
78135277946301;135;192242084477130322875;3;1655467:5725658,
79247114338574;2;633976914708592;3;7247:85889,
86050228901238;2;688401831209904;3;30155:87109,
88410527728523;2;707284221828184;3;66919:74145,
97798843225629;25;1528106925400453125;3;902848:925277,
103304192315779;2;826433538526232;3;36489:91967,
112493434426191;2;899947475409528;3;52537:91055,
114306812580877;2;914454500647016;3;44197:93907,
110418826674429;15135;382816284518852262806875875;3;43258198:726049427,
124125546431809;2;993004371454472;3;53711:94281,
765447801202539;127;1567930263370660444437;3;9051061:9384386,
